{
    "base_lat" : 12.312300234523874658726,
    "base_long" : 100.00837459237849587,
    "heading" : 0.00,
    "object_x" : 78.00,
    "object_z" : 0.00
}