{
	"Detections" :
	[
		{
			"Frame-Number" : "1",
			"Objects" :
			[
				{
					"ID" : 0,
					"XYZ-Coordinates" : 
					[
						-5.5999999999999996,
						3.8100000000000001,
						10.17
					]
				},
				{
					"ID" : 1,
					"XYZ-Coordinates" : 
					[
						-5.5999999999999996,
						3.8100000000000001,
						10.17
					]
				}
			]
		}
	]
}